id,first_name,last_name
1,Rolf,Goodswen
2,Gun,Stappard
3,Livvy,Juggins
4,Noland,Shellibeer
5,Hailee,Liverock
6,Lona,Wogdon
7,Lazaro,Kirk
8,Isidoro,McSparran
9,Aeriell,Zahor
10,Rozalie,Wisniowski
11,Lovell,MacAfee
12,Gertrud,Pettingall
13,Kienan,McGow
14,Jessika,Dealey
15,Bradney,Dowber
16,Cchaddie,Banasiak
17,Nola,Coughlan
18,Meryl,Rohloff
19,Jsandye,Bradick
20,Maggee,Lansdale
21,Joscelin,Ruvel
22,Saraann,Audritt
23,Indira,Sperrett
24,Suzy,Calltone
25,Binni,Parrington
26,Timmie,Baldcock
27,Juli,Merryfield
28,Doll,Canny
29,Corrine,Faraker
30,Nadiya,Gandrich
31,Hall,Fireman
32,Fania,Imesson
33,Marja,Kemwal
34,Sandra,Blachford
35,Nicol,Santos
36,Emmalynne,Robjohns
37,Huntley,Broggetti
38,Mable,Conroy
39,Melamie,Gosz
40,Maison,Stowers
41,Miltie,Murtagh
42,Tarah,Scatcher
43,Jerrilee,Jarratt
44,Pam,Bonn
45,Nana,Hrinishin
46,Elsy,Itscovitz
47,Abbie,Bartlett
48,Matelda,Dowty
49,Holden,Rylatt
50,Sansone,Napleton
51,Adan,Phelips
52,Nikolaos,Heiton
53,Emalia,Haigh
54,Lenard,Bowbrick
55,Zachery,Bedwell
56,Gasparo,Artindale
57,Mattias,Bennet
58,Launce,Traher
59,Fredrick,Eble
60,Burr,Shuker
61,Katinka,Shiels
62,Jolie,Brolechan
63,Odell,Maypowder
64,Betta,Ablott
65,Susannah,Pilipyak
66,Rasla,Caccavale
67,Jessika,Lohoar
68,Herold,Fresson
69,Shea,Benedict
70,Linoel,Collingham
71,Kennett,Sharp
72,Ursulina,Derrington
73,Farlay,Beaty
74,Marlie,Tuckie
75,Justino,Kevern
76,Dougie,Hegley
77,Anderea,Gainseford
78,Goddard,Robottom
79,Eve,Dinse
80,Klement,Armsden
81,Modestine,Faunt
82,Mariette,Malshinger
83,Lane,Janks
84,Mercedes,Plinck
85,Teddie,Antonazzi
86,Frank,Templeton
87,Garrot,Girardin
88,Lorens,O'Cullen
89,Toiboid,Macvain
90,Jess,Allder
91,Brittany,Guilloud
92,Eden,Evans
93,Tessa,Brient
94,Natassia,Dilon
95,Hynda,Whatley
96,Dedra,Vannuccinii
97,Giordano,Crighton
98,Marge,Baudin
99,Milissent,Tassel
100,Camella,Gronno
101,Herbie,Leghorn
102,Miguela,Teeney
103,Craggie,Aronson
104,Fred,Serjeant
105,Patin,Langham
106,Kathryn,Gogan
107,Mycah,Kindle
108,Mile,Robson
109,Pooh,Swain
110,Othelia,Crunkhurn
111,Davide,Capron
112,Derby,Fawdrie
113,Dodie,Wreford
114,Scarface,Stewartson
115,Chelsy,Newcomb
116,Berke,Matyasik
117,Denney,Coushe
118,Garfield,Eliyahu
119,Joy,Cleave
120,Issy,Winship
121,Corissa,Wallentin
122,Norine,Shory
123,Julienne,Spybey
124,Krystal,Hattrick
125,Corinna,Trevor
126,Basilio,Cooch
127,Buddy,Peters
128,Dennis,Zuanazzi
129,Christin,Card
130,Denyse,Wakley
131,Jenine,Reaper
132,Vilhelmina,Astlet
133,Tamera,McSporon
134,Erminie,Swains
135,Helga,Cianelli
136,Roddy,Douthwaite
137,Adolphe,Eastment
138,Kasey,Classen
139,Wallace,Janse
140,Anissa,Pashen
141,Gael,Budge
142,Valentia,Cerith
143,Elsie,Fettis
144,Opal,Makinson
145,Ermentrude,Burniston
146,Tallia,Quidenham
147,Waylan,Concannon
148,Elva,McCroft
149,Arda,Casaro
150,Zaneta,Moyers
151,Whitman,Gresch
152,Sada,Tossell
153,Arie,Wotherspoon
154,Russ,Richemont
155,Lilla,Minton
156,Kettie,Semour
157,Maddalena,Ritelli
158,Griselda,Mollindinia
159,Shaina,Wetherby
160,Johnnie,Hoovart
161,Asher,McKinnon
162,Antone,Brodnecke
163,Lenard,Shotbolt
164,Natalee,Grandham
165,Sallie,Pargiter
166,Ethelda,Kilian
167,Herculie,Cuddehay
168,Stephana,Akrigg
169,Jard,Tyreman
170,Quentin,Muckersie
171,Wallie,Aughtie
172,June,Wadwell
173,Robbi,Gilbee
174,Cliff,Tyrie
175,Nealson,de la Valette Parisot
176,Zonnya,Wyldbore
177,Grier,Kruse
178,Dunstan,Rittelmeyer
179,Avram,Kite
